sourcetype,"_raw",host,source,index
"octopus:deployment","{""Id"":""deployments-197"",""ReleaseId"":""releases-180"",""EnvironmentId"":""Environments-33"",""ForcePackageDownload"":false,""ForcePackageRedeployment"":false,""SkipActions"":[],""SpecificMachineIds"":[],""TaskId"":""ServerTasks-605"",""ProjectId"":""projects-34"",""UseGuidedFailure"":false,""Comments"":null,""FormValues"":{},""QueueTime"":null,""Name"":""Deploy to UAT"",""Created"":""2015-07-16T10:53:56.190+00:00"",""LastModifiedOn"":""2015-07-16T10:53:56.221+00:00"",""LastModifiedBy"":""Rupert"",""Links"":{""Self"":""/api/deployments/deployments-197"",""Release"":""/api/releases/releases-180"",""Environment"":""/api/environments/Environments-33"",""Project"":""/api/projects/projects-34"",""Task"":""/api/tasks/ServerTasks-605"",""Web"":""/app#/deployments/deployments-197"",""Artifacts"":""/api/artifacts?regarding=deployments-197"",""Interruptions"":""/api/interruptions?regarding=deployments-197""}}","localhost.localdomain","octopus_deploy://Local Octopus Deploy","octopus_deploy"
"octopus:deployment","{""Id"":""deployments-198"",""ReleaseId"":""releases-180"",""EnvironmentId"":""Environments-34"",""ForcePackageDownload"":false,""ForcePackageRedeployment"":false,""SkipActions"":[],""SpecificMachineIds"":[],""TaskId"":""ServerTasks-606"",""ProjectId"":""projects-34"",""UseGuidedFailure"":false,""Comments"":null,""FormValues"":{},""QueueTime"":null,""Name"":""Deploy to Production"",""Created"":""2015-07-16T10:53:56.268+00:00"",""LastModifiedOn"":""2015-07-16T10:53:56.987+00:00"",""LastModifiedBy"":""Rupert"",""Links"":{""Self"":""/api/deployments/deployments-198"",""Release"":""/api/releases/releases-180"",""Environment"":""/api/environments/Environments-34"",""Project"":""/api/projects/projects-34"",""Task"":""/api/tasks/ServerTasks-606"",""Web"":""/app#/deployments/deployments-198"",""Artifacts"":""/api/artifacts?regarding=deployments-198"",""Interruptions"":""/api/interruptions?regarding=deployments-198""}}","localhost.localdomain","octopus_deploy://Local Octopus Deploy","octopus_deploy"
"octopus:deployment","{""Id"":""deployments-1"",""ReleaseId"":""releases-1"",""EnvironmentId"":""Environments-1"",""ForcePackageDownload"":false,""ForcePackageRedeployment"":false,""SkipActions"":[],""SpecificMachineIds"":[],""TaskId"":""ServerTasks-35"",""ProjectId"":""projects-1"",""UseGuidedFailure"":false,""Comments"":null,""FormValues"":{},""QueueTime"":null,""Name"":""Deploy to Development"",""Created"":""2015-04-29T12:16:05.352+00:00"",""LastModifiedOn"":""2015-04-29T12:16:05.477+00:00"",""LastModifiedBy"":""merbla"",""Links"":{""Self"":""/api/deployments/deployments-1"",""Release"":""/api/releases/releases-1"",""Environment"":""/api/environments/Environments-1"",""Project"":""/api/projects/projects-1"",""Task"":""/api/tasks/ServerTasks-35"",""Web"":""/app#/deployments/deployments-1"",""Artifacts"":""/api/artifacts?regarding=deployments-1"",""Interruptions"":""/api/interruptions?regarding=deployments-1""}}","localhost.localdomain","octopus_deploy://Local Octopus Deploy","octopus_deploy"
"octopus:deployment","{""Id"":""deployments-33"",""ReleaseId"":""releases-33"",""EnvironmentId"":""Environments-1"",""ForcePackageDownload"":false,""ForcePackageRedeployment"":false,""SkipActions"":[],""SpecificMachineIds"":[],""TaskId"":""ServerTasks-98"",""ProjectId"":""projects-1"",""UseGuidedFailure"":false,""Comments"":null,""FormValues"":{},""QueueTime"":null,""Name"":""Deploy to Development"",""Created"":""2015-06-01T10:14:50.358+00:00"",""LastModifiedOn"":""2015-06-01T10:14:50.530+00:00"",""LastModifiedBy"":""merbla"",""Links"":{""Self"":""/api/deployments/deployments-33"",""Release"":""/api/releases/releases-33"",""Environment"":""/api/environments/Environments-1"",""Project"":""/api/projects/projects-1"",""Task"":""/api/tasks/ServerTasks-98"",""Web"":""/app#/deployments/deployments-33"",""Artifacts"":""/api/artifacts?regarding=deployments-33"",""Interruptions"":""/api/interruptions?regarding=deployments-33""}}","localhost.localdomain","octopus_deploy://Local Octopus Deploy","octopus_deploy"
"octopus:deployment","{""Id"":""deployments-36"",""ReleaseId"":""releases-35"",""EnvironmentId"":""Environments-1"",""ForcePackageDownload"":false,""ForcePackageRedeployment"":false,""SkipActions"":[],""SpecificMachineIds"":[],""TaskId"":""ServerTasks-99"",""ProjectId"":""projects-1"",""UseGuidedFailure"":false,""Comments"":null,""FormValues"":{},""QueueTime"":null,""Name"":""Deploy to Development"",""Created"":""2015-06-01T10:15:41.920+00:00"",""LastModifiedOn"":""2015-06-01T10:15:41.951+00:00"",""LastModifiedBy"":""merbla"",""Links"":{""Self"":""/api/deployments/deployments-36"",""Release"":""/api/releases/releases-35"",""Environment"":""/api/environments/Environments-1"",""Project"":""/api/projects/projects-1"",""Task"":""/api/tasks/ServerTasks-99"",""Web"":""/app#/deployments/deployments-36"",""Artifacts"":""/api/artifacts?regarding=deployments-36"",""Interruptions"":""/api/interruptions?regarding=deployments-36""}}","localhost.localdomain","octopus_deploy://Local Octopus Deploy","octopus_deploy"
"octopus:deployment","{""Id"":""deployments-37"",""ReleaseId"":""releases-36"",""EnvironmentId"":""Environments-1"",""ForcePackageDownload"":false,""ForcePackageRedeployment"":false,""SkipActions"":[],""SpecificMachineIds"":[],""TaskId"":""ServerTasks-100"",""ProjectId"":""projects-1"",""UseGuidedFailure"":false,""Comments"":null,""FormValues"":{},""QueueTime"":null,""Name"":""Deploy to Development"",""Created"":""2015-06-01T10:17:11.561+00:00"",""Links"":{""Self"":""/api/deployments/deployments-37"",""Release"":""/api/releases/releases-36"",""Environment"":""/api/environments/Environments-1"",""Project"":""/api/projects/projects-1"",""Task"":""/api/tasks/ServerTasks-100"",""Web"":""/app#/deployments/deployments-37"",""Artifacts"":""/api/artifacts?regarding=deployments-37"",""Interruptions"":""/api/interruptions?regarding=deployments-37""}}","localhost.localdomain","octopus_deploy://Local Octopus Deploy","octopus_deploy"
"octopus:deployment","{""Id"":""deployments-38"",""ReleaseId"":""releases-37"",""EnvironmentId"":""Environments-1"",""ForcePackageDownload"":false,""ForcePackageRedeployment"":false,""SkipActions"":[],""SpecificMachineIds"":[],""TaskId"":""ServerTasks-103"",""ProjectId"":""projects-1"",""UseGuidedFailure"":false,""Comments"":null,""FormValues"":{},""QueueTime"":null,""Name"":""Deploy to Development"",""Created"":""2015-06-01T12:12:28.802+00:00"",""Links"":{""Self"":""/api/deployments/deployments-38"",""Release"":""/api/releases/releases-37"",""Environment"":""/api/environments/Environments-1"",""Project"":""/api/projects/projects-1"",""Task"":""/api/tasks/ServerTasks-103"",""Web"":""/app#/deployments/deployments-38"",""Artifacts"":""/api/artifacts?regarding=deployments-38"",""Interruptions"":""/api/interruptions?regarding=deployments-38""}}","localhost.localdomain","octopus_deploy://Local Octopus Deploy","octopus_deploy"
"octopus:deployment","{""Id"":""deployments-39"",""ReleaseId"":""releases-38"",""EnvironmentId"":""Environments-1"",""ForcePackageDownload"":false,""ForcePackageRedeployment"":false,""SkipActions"":[],""SpecificMachineIds"":[],""TaskId"":""ServerTasks-118"",""ProjectId"":""projects-1"",""UseGuidedFailure"":false,""Comments"":null,""FormValues"":{},""QueueTime"":null,""Name"":""Deploy to Development"",""Created"":""2015-06-02T06:53:03.831+00:00"",""Links"":{""Self"":""/api/deployments/deployments-39"",""Release"":""/api/releases/releases-38"",""Environment"":""/api/environments/Environments-1"",""Project"":""/api/projects/projects-1"",""Task"":""/api/tasks/ServerTasks-118"",""Web"":""/app#/deployments/deployments-39"",""Artifacts"":""/api/artifacts?regarding=deployments-39"",""Interruptions"":""/api/interruptions?regarding=deployments-39""}}","localhost.localdomain","octopus_deploy://Local Octopus Deploy","octopus_deploy"
"octopus:deployment","{""Id"":""deployments-40"",""ReleaseId"":""releases-39"",""EnvironmentId"":""Environments-1"",""ForcePackageDownload"":false,""ForcePackageRedeployment"":false,""SkipActions"":[],""SpecificMachineIds"":[],""TaskId"":""ServerTasks-132"",""ProjectId"":""projects-1"",""UseGuidedFailure"":false,""Comments"":null,""FormValues"":{},""QueueTime"":null,""Name"":""Deploy to Development"",""Created"":""2015-06-03T07:31:47.073+00:00"",""Links"":{""Self"":""/api/deployments/deployments-40"",""Release"":""/api/releases/releases-39"",""Environment"":""/api/environments/Environments-1"",""Project"":""/api/projects/projects-1"",""Task"":""/api/tasks/ServerTasks-132"",""Web"":""/app#/deployments/deployments-40"",""Artifacts"":""/api/artifacts?regarding=deployments-40"",""Interruptions"":""/api/interruptions?regarding=deployments-40""}}","localhost.localdomain","octopus_deploy://Local Octopus Deploy","octopus_deploy"
"octopus:deployment","{""Id"":""deployments-41"",""ReleaseId"":""releases-40"",""EnvironmentId"":""Environments-1"",""ForcePackageDownload"":false,""ForcePackageRedeployment"":false,""SkipActions"":[],""SpecificMachineIds"":[],""TaskId"":""ServerTasks-139"",""ProjectId"":""projects-1"",""UseGuidedFailure"":false,""Comments"":null,""FormValues"":{},""QueueTime"":null,""Name"":""Deploy to Development"",""Created"":""2015-06-04T21:49:03.635+00:00"",""Links"":{""Self"":""/api/deployments/deployments-41"",""Release"":""/api/releases/releases-40"",""Environment"":""/api/environments/Environments-1"",""Project"":""/api/projects/projects-1"",""Task"":""/api/tasks/ServerTasks-139"",""Web"":""/app#/deployments/deployments-41"",""Artifacts"":""/api/artifacts?regarding=deployments-41"",""Interruptions"":""/api/interruptions?regarding=deployments-41""}}","localhost.localdomain","octopus_deploy://Local Octopus Deploy","octopus_deploy"
"octopus:deployment","{""Id"":""deployments-65"",""ReleaseId"":""releases-65"",""EnvironmentId"":""Environments-1"",""ForcePackageDownload"":false,""ForcePackageRedeployment"":false,""SkipActions"":[],""SpecificMachineIds"":[],""TaskId"":""ServerTasks-165"",""ProjectId"":""projects-1"",""UseGuidedFailure"":false,""Comments"":null,""FormValues"":{},""QueueTime"":null,""Name"":""Deploy to Development"",""Created"":""2015-06-05T22:10:59.090+00:00"",""Links"":{""Self"":""/api/deployments/deployments-65"",""Release"":""/api/releases/releases-65"",""Environment"":""/api/environments/Environments-1"",""Project"":""/api/projects/projects-1"",""Task"":""/api/tasks/ServerTasks-165"",""Web"":""/app#/deployments/deployments-65"",""Artifacts"":""/api/artifacts?regarding=deployments-65"",""Interruptions"":""/api/interruptions?regarding=deployments-65""}}","localhost.localdomain","octopus_deploy://Local Octopus Deploy","octopus_deploy"
"octopus:deployment","{""Id"":""deployments-66"",""ReleaseId"":""releases-66"",""EnvironmentId"":""Environments-1"",""ForcePackageDownload"":false,""ForcePackageRedeployment"":false,""SkipActions"":[],""SpecificMachineIds"":[],""TaskId"":""ServerTasks-166"",""ProjectId"":""projects-1"",""UseGuidedFailure"":false,""Comments"":null,""FormValues"":{},""QueueTime"":null,""Name"":""Deploy to Development"",""Created"":""2015-06-05T22:12:26.079+00:00"",""Links"":{""Self"":""/api/deployments/deployments-66"",""Release"":""/api/releases/releases-66"",""Environment"":""/api/environments/Environments-1"",""Project"":""/api/projects/projects-1"",""Task"":""/api/tasks/ServerTasks-166"",""Web"":""/app#/deployments/deployments-66"",""Artifacts"":""/api/artifacts?regarding=deployments-66"",""Interruptions"":""/api/interruptions?regarding=deployments-66""}}","localhost.localdomain","octopus_deploy://Local Octopus Deploy","octopus_deploy"
"octopus:deployment","{""Id"":""deployments-67"",""ReleaseId"":""releases-67"",""EnvironmentId"":""Environments-1"",""ForcePackageDownload"":false,""ForcePackageRedeployment"":false,""SkipActions"":[],""SpecificMachineIds"":[],""TaskId"":""ServerTasks-167"",""ProjectId"":""projects-1"",""UseGuidedFailure"":false,""Comments"":null,""FormValues"":{},""QueueTime"":null,""Name"":""Deploy to Development"",""Created"":""2015-06-05T22:12:41.708+00:00"",""Links"":{""Self"":""/api/deployments/deployments-67"",""Release"":""/api/releases/releases-67"",""Environment"":""/api/environments/Environments-1"",""Project"":""/api/projects/projects-1"",""Task"":""/api/tasks/ServerTasks-167"",""Web"":""/app#/deployments/deployments-67"",""Artifacts"":""/api/artifacts?regarding=deployments-67"",""Interruptions"":""/api/interruptions?regarding=deployments-67""}}","localhost.localdomain","octopus_deploy://Local Octopus Deploy","octopus_deploy"
"octopus:deployment","{""Id"":""deployments-68"",""ReleaseId"":""releases-68"",""EnvironmentId"":""Environments-1"",""ForcePackageDownload"":false,""ForcePackageRedeployment"":false,""SkipActions"":[],""SpecificMachineIds"":[],""TaskId"":""ServerTasks-168"",""ProjectId"":""projects-1"",""UseGuidedFailure"":false,""Comments"":null,""FormValues"":{},""QueueTime"":null,""Name"":""Deploy to Development"",""Created"":""2015-06-05T22:52:25.414+00:00"",""Links"":{""Self"":""/api/deployments/deployments-68"",""Release"":""/api/releases/releases-68"",""Environment"":""/api/environments/Environments-1"",""Project"":""/api/projects/projects-1"",""Task"":""/api/tasks/ServerTasks-168"",""Web"":""/app#/deployments/deployments-68"",""Artifacts"":""/api/artifacts?regarding=deployments-68"",""Interruptions"":""/api/interruptions?regarding=deployments-68""}}","localhost.localdomain","octopus_deploy://Local Octopus Deploy","octopus_deploy"
"octopus:deployment","{""Id"":""deployments-69"",""ReleaseId"":""releases-69"",""EnvironmentId"":""Environments-1"",""ForcePackageDownload"":false,""ForcePackageRedeployment"":false,""SkipActions"":[],""SpecificMachineIds"":[],""TaskId"":""ServerTasks-169"",""ProjectId"":""projects-1"",""UseGuidedFailure"":false,""Comments"":null,""FormValues"":{},""QueueTime"":null,""Name"":""Deploy to Development"",""Created"":""2015-06-05T22:52:39.149+00:00"",""Links"":{""Self"":""/api/deployments/deployments-69"",""Release"":""/api/releases/releases-69"",""Environment"":""/api/environments/Environments-1"",""Project"":""/api/projects/projects-1"",""Task"":""/api/tasks/ServerTasks-169"",""Web"":""/app#/deployments/deployments-69"",""Artifacts"":""/api/artifacts?regarding=deployments-69"",""Interruptions"":""/api/interruptions?regarding=deployments-69""}}","localhost.localdomain","octopus_deploy://Local Octopus Deploy","octopus_deploy"
"octopus:deployment","{""Id"":""deployments-70"",""ReleaseId"":""releases-70"",""EnvironmentId"":""Environments-1"",""ForcePackageDownload"":false,""ForcePackageRedeployment"":false,""SkipActions"":[],""SpecificMachineIds"":[],""TaskId"":""ServerTasks-170"",""ProjectId"":""projects-1"",""UseGuidedFailure"":false,""Comments"":null,""FormValues"":{},""QueueTime"":null,""Name"":""Deploy to Development"",""Created"":""2015-06-05T22:53:12.524+00:00"",""Links"":{""Self"":""/api/deployments/deployments-70"",""Release"":""/api/releases/releases-70"",""Environment"":""/api/environments/Environments-1"",""Project"":""/api/projects/projects-1"",""Task"":""/api/tasks/ServerTasks-170"",""Web"":""/app#/deployments/deployments-70"",""Artifacts"":""/api/artifacts?regarding=deployments-70"",""Interruptions"":""/api/interruptions?regarding=deployments-70""}}","localhost.localdomain","octopus_deploy://Local Octopus Deploy","octopus_deploy"
"octopus:deployment","{""Id"":""deployments-71"",""ReleaseId"":""releases-71"",""EnvironmentId"":""Environments-1"",""ForcePackageDownload"":false,""ForcePackageRedeployment"":false,""SkipActions"":[],""SpecificMachineIds"":[],""TaskId"":""ServerTasks-171"",""ProjectId"":""projects-1"",""UseGuidedFailure"":false,""Comments"":null,""FormValues"":{},""QueueTime"":null,""Name"":""Deploy to Development"",""Created"":""2015-06-05T22:57:29.238+00:00"",""Links"":{""Self"":""/api/deployments/deployments-71"",""Release"":""/api/releases/releases-71"",""Environment"":""/api/environments/Environments-1"",""Project"":""/api/projects/projects-1"",""Task"":""/api/tasks/ServerTasks-171"",""Web"":""/app#/deployments/deployments-71"",""Artifacts"":""/api/artifacts?regarding=deployments-71"",""Interruptions"":""/api/interruptions?regarding=deployments-71""}}","localhost.localdomain","octopus_deploy://Local Octopus Deploy","octopus_deploy"
"octopus:deployment","{""Id"":""deployments-72"",""ReleaseId"":""releases-72"",""EnvironmentId"":""Environments-1"",""ForcePackageDownload"":false,""ForcePackageRedeployment"":false,""SkipActions"":[],""SpecificMachineIds"":[],""TaskId"":""ServerTasks-173"",""ProjectId"":""projects-1"",""UseGuidedFailure"":false,""Comments"":null,""FormValues"":{},""QueueTime"":null,""Name"":""Deploy to Development"",""Created"":""2015-06-05T23:04:05.068+00:00"",""Links"":{""Self"":""/api/deployments/deployments-72"",""Release"":""/api/releases/releases-72"",""Environment"":""/api/environments/Environments-1"",""Project"":""/api/projects/projects-1"",""Task"":""/api/tasks/ServerTasks-173"",""Web"":""/app#/deployments/deployments-72"",""Artifacts"":""/api/artifacts?regarding=deployments-72"",""Interruptions"":""/api/interruptions?regarding=deployments-72""}}","localhost.localdomain","octopus_deploy://Local Octopus Deploy","octopus_deploy"
"octopus:deployment","{""Id"":""deployments-97"",""ReleaseId"":""releases-97"",""EnvironmentId"":""Environments-1"",""ForcePackageDownload"":false,""ForcePackageRedeployment"":false,""SkipActions"":[],""SpecificMachineIds"":[],""TaskId"":""ServerTasks-199"",""ProjectId"":""projects-1"",""UseGuidedFailure"":false,""Comments"":null,""FormValues"":{},""QueueTime"":null,""Name"":""Deploy to Development"",""Created"":""2015-06-08T10:05:25.544+00:00"",""Links"":{""Self"":""/api/deployments/deployments-97"",""Release"":""/api/releases/releases-97"",""Environment"":""/api/environments/Environments-1"",""Project"":""/api/projects/projects-1"",""Task"":""/api/tasks/ServerTasks-199"",""Web"":""/app#/deployments/deployments-97"",""Artifacts"":""/api/artifacts?regarding=deployments-97"",""Interruptions"":""/api/interruptions?regarding=deployments-97""}}","localhost.localdomain","octopus_deploy://Local Octopus Deploy","octopus_deploy"
"octopus:deployment","{""Id"":""deployments-98"",""ReleaseId"":""releases-98"",""EnvironmentId"":""Environments-1"",""ForcePackageDownload"":false,""ForcePackageRedeployment"":false,""SkipActions"":[],""SpecificMachineIds"":[],""TaskId"":""ServerTasks-200"",""ProjectId"":""projects-1"",""UseGuidedFailure"":false,""Comments"":null,""FormValues"":{},""QueueTime"":null,""Name"":""Deploy to Development"",""Created"":""2015-06-08T10:10:01.248+00:00"",""Links"":{""Self"":""/api/deployments/deployments-98"",""Release"":""/api/releases/releases-98"",""Environment"":""/api/environments/Environments-1"",""Project"":""/api/projects/projects-1"",""Task"":""/api/tasks/ServerTasks-200"",""Web"":""/app#/deployments/deployments-98"",""Artifacts"":""/api/artifacts?regarding=deployments-98"",""Interruptions"":""/api/interruptions?regarding=deployments-98""}}","localhost.localdomain","octopus_deploy://Local Octopus Deploy","octopus_deploy"
"octopus:deployment","{""Id"":""deployments-99"",""ReleaseId"":""releases-99"",""EnvironmentId"":""Environments-1"",""ForcePackageDownload"":false,""ForcePackageRedeployment"":false,""SkipActions"":[],""SpecificMachineIds"":[],""TaskId"":""ServerTasks-201"",""ProjectId"":""projects-1"",""UseGuidedFailure"":false,""Comments"":null,""FormValues"":{},""QueueTime"":null,""Name"":""Deploy to Development"",""Created"":""2015-06-08T10:25:58.304+00:00"",""Links"":{""Self"":""/api/deployments/deployments-99"",""Release"":""/api/releases/releases-99"",""Environment"":""/api/environments/Environments-1"",""Project"":""/api/projects/projects-1"",""Task"":""/api/tasks/ServerTasks-201"",""Web"":""/app#/deployments/deployments-99"",""Artifacts"":""/api/artifacts?regarding=deployments-99"",""Interruptions"":""/api/interruptions?regarding=deployments-99""}}","localhost.localdomain","octopus_deploy://Local Octopus Deploy","octopus_deploy"
"octopus:deployment","{""Id"":""deployments-100"",""ReleaseId"":""releases-100"",""EnvironmentId"":""Environments-1"",""ForcePackageDownload"":false,""ForcePackageRedeployment"":false,""SkipActions"":[],""SpecificMachineIds"":[],""TaskId"":""ServerTasks-218"",""ProjectId"":""projects-1"",""UseGuidedFailure"":false,""Comments"":null,""FormValues"":{},""QueueTime"":null,""Name"":""Deploy to Development"",""Created"":""2015-06-09T07:47:08.647+00:00"",""Links"":{""Self"":""/api/deployments/deployments-100"",""Release"":""/api/releases/releases-100"",""Environment"":""/api/environments/Environments-1"",""Project"":""/api/projects/projects-1"",""Task"":""/api/tasks/ServerTasks-218"",""Web"":""/app#/deployments/deployments-100"",""Artifacts"":""/api/artifacts?regarding=deployments-100"",""Interruptions"":""/api/interruptions?regarding=deployments-100""}}","localhost.localdomain","octopus_deploy://Local Octopus Deploy","octopus_deploy"
"octopus:deployment","{""Id"":""deployments-101"",""ReleaseId"":""releases-101"",""EnvironmentId"":""Environments-1"",""ForcePackageDownload"":false,""ForcePackageRedeployment"":false,""SkipActions"":[],""SpecificMachineIds"":[],""TaskId"":""ServerTasks-225"",""ProjectId"":""projects-1"",""UseGuidedFailure"":false,""Comments"":null,""FormValues"":{},""QueueTime"":null,""Name"":""Deploy to Development"",""Created"":""2015-06-09T12:33:03.229+00:00"",""Links"":{""Self"":""/api/deployments/deployments-101"",""Release"":""/api/releases/releases-101"",""Environment"":""/api/environments/Environments-1"",""Project"":""/api/projects/projects-1"",""Task"":""/api/tasks/ServerTasks-225"",""Web"":""/app#/deployments/deployments-101"",""Artifacts"":""/api/artifacts?regarding=deployments-101"",""Interruptions"":""/api/interruptions?regarding=deployments-101""}}","localhost.localdomain","octopus_deploy://Local Octopus Deploy","octopus_deploy"
"octopus:deployment","{""Id"":""deployments-102"",""ReleaseId"":""releases-102"",""EnvironmentId"":""Environments-1"",""ForcePackageDownload"":false,""ForcePackageRedeployment"":false,""SkipActions"":[],""SpecificMachineIds"":[],""TaskId"":""ServerTasks-236"",""ProjectId"":""projects-1"",""UseGuidedFailure"":false,""Comments"":null,""FormValues"":{},""QueueTime"":null,""Name"":""Deploy to Development"",""Created"":""2015-06-09T20:37:44.316+00:00"",""Links"":{""Self"":""/api/deployments/deployments-102"",""Release"":""/api/releases/releases-102"",""Environment"":""/api/environments/Environments-1"",""Project"":""/api/projects/projects-1"",""Task"":""/api/tasks/ServerTasks-236"",""Web"":""/app#/deployments/deployments-102"",""Artifacts"":""/api/artifacts?regarding=deployments-102"",""Interruptions"":""/api/interruptions?regarding=deployments-102""}}","localhost.localdomain","octopus_deploy://Local Octopus Deploy","octopus_deploy"
"octopus:deployment","{""Id"":""deployments-103"",""ReleaseId"":""releases-103"",""EnvironmentId"":""Environments-1"",""ForcePackageDownload"":false,""ForcePackageRedeployment"":false,""SkipActions"":[],""SpecificMachineIds"":[],""TaskId"":""ServerTasks-248"",""ProjectId"":""projects-1"",""UseGuidedFailure"":false,""Comments"":null,""FormValues"":{},""QueueTime"":null,""Name"":""Deploy to Development"",""Created"":""2015-06-10T11:24:14.384+00:00"",""Links"":{""Self"":""/api/deployments/deployments-103"",""Release"":""/api/releases/releases-103"",""Environment"":""/api/environments/Environments-1"",""Project"":""/api/projects/projects-1"",""Task"":""/api/tasks/ServerTasks-248"",""Web"":""/app#/deployments/deployments-103"",""Artifacts"":""/api/artifacts?regarding=deployments-103"",""Interruptions"":""/api/interruptions?regarding=deployments-103""}}","localhost.localdomain","octopus_deploy://Local Octopus Deploy","octopus_deploy"
"octopus:deployment","{""Id"":""deployments-104"",""ReleaseId"":""releases-104"",""EnvironmentId"":""Environments-1"",""ForcePackageDownload"":false,""ForcePackageRedeployment"":false,""SkipActions"":[],""SpecificMachineIds"":[],""TaskId"":""ServerTasks-251"",""ProjectId"":""projects-1"",""UseGuidedFailure"":false,""Comments"":null,""FormValues"":{},""QueueTime"":null,""Name"":""Deploy to Development"",""Created"":""2015-06-10T12:47:52.215+00:00"",""Links"":{""Self"":""/api/deployments/deployments-104"",""Release"":""/api/releases/releases-104"",""Environment"":""/api/environments/Environments-1"",""Project"":""/api/projects/projects-1"",""Task"":""/api/tasks/ServerTasks-251"",""Web"":""/app#/deployments/deployments-104"",""Artifacts"":""/api/artifacts?regarding=deployments-104"",""Interruptions"":""/api/interruptions?regarding=deployments-104""}}","localhost.localdomain","octopus_deploy://Local Octopus Deploy","octopus_deploy"
"octopus:deployment","{""Id"":""deployments-105"",""ReleaseId"":""releases-105"",""EnvironmentId"":""Environments-1"",""ForcePackageDownload"":false,""ForcePackageRedeployment"":false,""SkipActions"":[],""SpecificMachineIds"":[],""TaskId"":""ServerTasks-261"",""ProjectId"":""projects-1"",""UseGuidedFailure"":false,""Comments"":null,""FormValues"":{},""QueueTime"":null,""Name"":""Deploy to Development"",""Created"":""2015-06-10T20:51:36.862+00:00"",""Links"":{""Self"":""/api/deployments/deployments-105"",""Release"":""/api/releases/releases-105"",""Environment"":""/api/environments/Environments-1"",""Project"":""/api/projects/projects-1"",""Task"":""/api/tasks/ServerTasks-261"",""Web"":""/app#/deployments/deployments-105"",""Artifacts"":""/api/artifacts?regarding=deployments-105"",""Interruptions"":""/api/interruptions?regarding=deployments-105""}}","localhost.localdomain","octopus_deploy://Local Octopus Deploy","octopus_deploy"
"octopus:deployment","{""Id"":""deployments-129"",""ReleaseId"":""releases-129"",""EnvironmentId"":""Environments-1"",""ForcePackageDownload"":false,""ForcePackageRedeployment"":false,""SkipActions"":[],""SpecificMachineIds"":[],""TaskId"":""ServerTasks-291"",""ProjectId"":""projects-1"",""UseGuidedFailure"":false,""Comments"":null,""FormValues"":{},""QueueTime"":null,""Name"":""Deploy to Development"",""Created"":""2015-06-10T21:01:09.026+00:00"",""Links"":{""Self"":""/api/deployments/deployments-129"",""Release"":""/api/releases/releases-129"",""Environment"":""/api/environments/Environments-1"",""Project"":""/api/projects/projects-1"",""Task"":""/api/tasks/ServerTasks-291"",""Web"":""/app#/deployments/deployments-129"",""Artifacts"":""/api/artifacts?regarding=deployments-129"",""Interruptions"":""/api/interruptions?regarding=deployments-129""}}","localhost.localdomain","octopus_deploy://Local Octopus Deploy","octopus_deploy"
"octopus:deployment","{""Id"":""deployments-130"",""ReleaseId"":""releases-130"",""EnvironmentId"":""Environments-1"",""ForcePackageDownload"":false,""ForcePackageRedeployment"":false,""SkipActions"":[],""SpecificMachineIds"":[],""TaskId"":""ServerTasks-292"",""ProjectId"":""projects-1"",""UseGuidedFailure"":false,""Comments"":null,""FormValues"":{},""QueueTime"":null,""Name"":""Deploy to Development"",""Created"":""2015-06-10T21:03:23.466+00:00"",""Links"":{""Self"":""/api/deployments/deployments-130"",""Release"":""/api/releases/releases-130"",""Environment"":""/api/environments/Environments-1"",""Project"":""/api/projects/projects-1"",""Task"":""/api/tasks/ServerTasks-292"",""Web"":""/app#/deployments/deployments-130"",""Artifacts"":""/api/artifacts?regarding=deployments-130"",""Interruptions"":""/api/interruptions?regarding=deployments-130""}}","localhost.localdomain","octopus_deploy://Local Octopus Deploy","octopus_deploy"
"octopus:deployment","{""Id"":""deployments-131"",""ReleaseId"":""releases-131"",""EnvironmentId"":""Environments-1"",""ForcePackageDownload"":false,""ForcePackageRedeployment"":false,""SkipActions"":[],""SpecificMachineIds"":[],""TaskId"":""ServerTasks-293"",""ProjectId"":""projects-1"",""UseGuidedFailure"":false,""Comments"":null,""FormValues"":{},""QueueTime"":null,""Name"":""Deploy to Development"",""Created"":""2015-06-10T21:04:43.169+00:00"",""Links"":{""Self"":""/api/deployments/deployments-131"",""Release"":""/api/releases/releases-131"",""Environment"":""/api/environments/Environments-1"",""Project"":""/api/projects/projects-1"",""Task"":""/api/tasks/ServerTasks-293"",""Web"":""/app#/deployments/deployments-131"",""Artifacts"":""/api/artifacts?regarding=deployments-131"",""Interruptions"":""/api/interruptions?regarding=deployments-131""}}","localhost.localdomain","octopus_deploy://Local Octopus Deploy","octopus_deploy"
"octopus:deployment","{""Id"":""deployments-132"",""ReleaseId"":""releases-132"",""EnvironmentId"":""Environments-1"",""ForcePackageDownload"":false,""ForcePackageRedeployment"":false,""SkipActions"":[],""SpecificMachineIds"":[],""TaskId"":""ServerTasks-294"",""ProjectId"":""projects-1"",""UseGuidedFailure"":false,""Comments"":null,""FormValues"":{},""QueueTime"":null,""Name"":""Deploy to Development"",""Created"":""2015-06-10T21:06:31.742+00:00"",""Links"":{""Self"":""/api/deployments/deployments-132"",""Release"":""/api/releases/releases-132"",""Environment"":""/api/environments/Environments-1"",""Project"":""/api/projects/projects-1"",""Task"":""/api/tasks/ServerTasks-294"",""Web"":""/app#/deployments/deployments-132"",""Artifacts"":""/api/artifacts?regarding=deployments-132"",""Interruptions"":""/api/interruptions?regarding=deployments-132""}}","localhost.localdomain","octopus_deploy://Local Octopus Deploy","octopus_deploy"
"octopus:deployment","{""Id"":""deployments-133"",""ReleaseId"":""releases-133"",""EnvironmentId"":""Environments-1"",""ForcePackageDownload"":false,""ForcePackageRedeployment"":false,""SkipActions"":[],""SpecificMachineIds"":[],""TaskId"":""ServerTasks-300"",""ProjectId"":""projects-1"",""UseGuidedFailure"":false,""Comments"":null,""FormValues"":{},""QueueTime"":null,""Name"":""Deploy to Development"",""Created"":""2015-06-11T07:36:26.021+00:00"",""Links"":{""Self"":""/api/deployments/deployments-133"",""Release"":""/api/releases/releases-133"",""Environment"":""/api/environments/Environments-1"",""Project"":""/api/projects/projects-1"",""Task"":""/api/tasks/ServerTasks-300"",""Web"":""/app#/deployments/deployments-133"",""Artifacts"":""/api/artifacts?regarding=deployments-133"",""Interruptions"":""/api/interruptions?regarding=deployments-133""}}","localhost.localdomain","octopus_deploy://Local Octopus Deploy","octopus_deploy"
"octopus:deployment","{""Id"":""deployments-134"",""ReleaseId"":""releases-134"",""EnvironmentId"":""Environments-1"",""ForcePackageDownload"":false,""ForcePackageRedeployment"":false,""SkipActions"":[],""SpecificMachineIds"":[],""TaskId"":""ServerTasks-354"",""ProjectId"":""projects-1"",""UseGuidedFailure"":false,""Comments"":null,""FormValues"":{},""QueueTime"":null,""Name"":""Deploy to Development"",""Created"":""2015-06-15T21:30:28.462+00:00"",""Links"":{""Self"":""/api/deployments/deployments-134"",""Release"":""/api/releases/releases-134"",""Environment"":""/api/environments/Environments-1"",""Project"":""/api/projects/projects-1"",""Task"":""/api/tasks/ServerTasks-354"",""Web"":""/app#/deployments/deployments-134"",""Artifacts"":""/api/artifacts?regarding=deployments-134"",""Interruptions"":""/api/interruptions?regarding=deployments-134""}}","localhost.localdomain","octopus_deploy://Local Octopus Deploy","octopus_deploy"
"octopus:deployment","{""Id"":""deployments-135"",""ReleaseId"":""releases-135"",""EnvironmentId"":""Environments-1"",""ForcePackageDownload"":false,""ForcePackageRedeployment"":false,""SkipActions"":[],""SpecificMachineIds"":[],""TaskId"":""ServerTasks-355"",""ProjectId"":""projects-1"",""UseGuidedFailure"":false,""Comments"":null,""FormValues"":{},""QueueTime"":null,""Name"":""Deploy to Development"",""Created"":""2015-06-15T21:30:39.916+00:00"",""Links"":{""Self"":""/api/deployments/deployments-135"",""Release"":""/api/releases/releases-135"",""Environment"":""/api/environments/Environments-1"",""Project"":""/api/projects/projects-1"",""Task"":""/api/tasks/ServerTasks-355"",""Web"":""/app#/deployments/deployments-135"",""Artifacts"":""/api/artifacts?regarding=deployments-135"",""Interruptions"":""/api/interruptions?regarding=deployments-135""}}","localhost.localdomain","octopus_deploy://Local Octopus Deploy","octopus_deploy"
"octopus:deployment","{""Id"":""deployments-136"",""ReleaseId"":""releases-136"",""EnvironmentId"":""Environments-1"",""ForcePackageDownload"":false,""ForcePackageRedeployment"":false,""SkipActions"":[],""SpecificMachineIds"":[],""TaskId"":""ServerTasks-368"",""ProjectId"":""projects-1"",""UseGuidedFailure"":false,""Comments"":null,""FormValues"":{},""QueueTime"":null,""Name"":""Deploy to Development"",""Created"":""2015-06-17T07:03:26.128+00:00"",""Links"":{""Self"":""/api/deployments/deployments-136"",""Release"":""/api/releases/releases-136"",""Environment"":""/api/environments/Environments-1"",""Project"":""/api/projects/projects-1"",""Task"":""/api/tasks/ServerTasks-368"",""Web"":""/app#/deployments/deployments-136"",""Artifacts"":""/api/artifacts?regarding=deployments-136"",""Interruptions"":""/api/interruptions?regarding=deployments-136""}}","localhost.localdomain","octopus_deploy://Local Octopus Deploy","octopus_deploy"
"octopus:deployment","{""Id"":""deployments-137"",""ReleaseId"":""releases-137"",""EnvironmentId"":""Environments-1"",""ForcePackageDownload"":false,""ForcePackageRedeployment"":false,""SkipActions"":[],""SpecificMachineIds"":[],""TaskId"":""ServerTasks-369"",""ProjectId"":""projects-1"",""UseGuidedFailure"":false,""Comments"":null,""FormValues"":{},""QueueTime"":null,""Name"":""Deploy to Development"",""Created"":""2015-06-17T07:03:34.097+00:00"",""Links"":{""Self"":""/api/deployments/deployments-137"",""Release"":""/api/releases/releases-137"",""Environment"":""/api/environments/Environments-1"",""Project"":""/api/projects/projects-1"",""Task"":""/api/tasks/ServerTasks-369"",""Web"":""/app#/deployments/deployments-137"",""Artifacts"":""/api/artifacts?regarding=deployments-137"",""Interruptions"":""/api/interruptions?regarding=deployments-137""}}","localhost.localdomain","octopus_deploy://Local Octopus Deploy","octopus_deploy"
"octopus:deployment","{""Id"":""deployments-138"",""ReleaseId"":""releases-137"",""EnvironmentId"":""Environments-33"",""ForcePackageDownload"":false,""ForcePackageRedeployment"":false,""SkipActions"":[],""SpecificMachineIds"":[],""TaskId"":""ServerTasks-373"",""ProjectId"":""projects-1"",""UseGuidedFailure"":false,""Comments"":null,""FormValues"":{},""QueueTime"":null,""Name"":""Deploy to UAT"",""Created"":""2015-06-17T21:49:47.148+00:00"",""LastModifiedOn"":""2015-06-17T21:49:47.179+00:00"",""LastModifiedBy"":""merbla"",""Links"":{""Self"":""/api/deployments/deployments-138"",""Release"":""/api/releases/releases-137"",""Environment"":""/api/environments/Environments-33"",""Project"":""/api/projects/projects-1"",""Task"":""/api/tasks/ServerTasks-373"",""Web"":""/app#/deployments/deployments-138"",""Artifacts"":""/api/artifacts?regarding=deployments-138"",""Interruptions"":""/api/interruptions?regarding=deployments-138""}}","localhost.localdomain","octopus_deploy://Local Octopus Deploy","octopus_deploy"
"octopus:deployment","{""Id"":""deployments-139"",""ReleaseId"":""releases-137"",""EnvironmentId"":""Environments-34"",""ForcePackageDownload"":false,""ForcePackageRedeployment"":false,""SkipActions"":[],""SpecificMachineIds"":[],""TaskId"":""ServerTasks-374"",""ProjectId"":""projects-1"",""UseGuidedFailure"":false,""Comments"":null,""FormValues"":{},""QueueTime"":null,""Name"":""Deploy to Production"",""Created"":""2015-06-17T21:49:56.007+00:00"",""LastModifiedOn"":""2015-06-17T21:49:56.038+00:00"",""LastModifiedBy"":""merbla"",""Links"":{""Self"":""/api/deployments/deployments-139"",""Release"":""/api/releases/releases-137"",""Environment"":""/api/environments/Environments-34"",""Project"":""/api/projects/projects-1"",""Task"":""/api/tasks/ServerTasks-374"",""Web"":""/app#/deployments/deployments-139"",""Artifacts"":""/api/artifacts?regarding=deployments-139"",""Interruptions"":""/api/interruptions?regarding=deployments-139""}}","localhost.localdomain","octopus_deploy://Local Octopus Deploy","octopus_deploy"
"octopus:deployment","{""Id"":""deployments-140"",""ReleaseId"":""releases-138"",""EnvironmentId"":""Environments-1"",""ForcePackageDownload"":false,""ForcePackageRedeployment"":false,""SkipActions"":[],""SpecificMachineIds"":[],""TaskId"":""ServerTasks-400"",""ProjectId"":""projects-1"",""UseGuidedFailure"":false,""Comments"":null,""FormValues"":{},""QueueTime"":null,""Name"":""Deploy to Development"",""Created"":""2015-06-19T22:44:52.280+00:00"",""Links"":{""Self"":""/api/deployments/deployments-140"",""Release"":""/api/releases/releases-138"",""Environment"":""/api/environments/Environments-1"",""Project"":""/api/projects/projects-1"",""Task"":""/api/tasks/ServerTasks-400"",""Web"":""/app#/deployments/deployments-140"",""Artifacts"":""/api/artifacts?regarding=deployments-140"",""Interruptions"":""/api/interruptions?regarding=deployments-140""}}","localhost.localdomain","octopus_deploy://Local Octopus Deploy","octopus_deploy"
"octopus:deployment","{""Id"":""deployments-141"",""ReleaseId"":""releases-138"",""EnvironmentId"":""Environments-33"",""ForcePackageDownload"":false,""ForcePackageRedeployment"":false,""SkipActions"":[],""SpecificMachineIds"":[],""TaskId"":""ServerTasks-401"",""ProjectId"":""projects-1"",""UseGuidedFailure"":false,""Comments"":null,""FormValues"":{},""QueueTime"":null,""Name"":""Deploy to UAT"",""Created"":""2015-06-19T22:45:01.358+00:00"",""LastModifiedOn"":""2015-06-19T22:45:01.390+00:00"",""LastModifiedBy"":""merbla"",""Links"":{""Self"":""/api/deployments/deployments-141"",""Release"":""/api/releases/releases-138"",""Environment"":""/api/environments/Environments-33"",""Project"":""/api/projects/projects-1"",""Task"":""/api/tasks/ServerTasks-401"",""Web"":""/app#/deployments/deployments-141"",""Artifacts"":""/api/artifacts?regarding=deployments-141"",""Interruptions"":""/api/interruptions?regarding=deployments-141""}}","localhost.localdomain","octopus_deploy://Local Octopus Deploy","octopus_deploy"
"octopus:deployment","{""Id"":""deployments-142"",""ReleaseId"":""releases-139"",""EnvironmentId"":""Environments-1"",""ForcePackageDownload"":false,""ForcePackageRedeployment"":false,""SkipActions"":[],""SpecificMachineIds"":[],""TaskId"":""ServerTasks-429"",""ProjectId"":""projects-1"",""UseGuidedFailure"":false,""Comments"":null,""FormValues"":{},""QueueTime"":null,""Name"":""Deploy to Development"",""Created"":""2015-06-23T22:01:28.901+00:00"",""Links"":{""Self"":""/api/deployments/deployments-142"",""Release"":""/api/releases/releases-139"",""Environment"":""/api/environments/Environments-1"",""Project"":""/api/projects/projects-1"",""Task"":""/api/tasks/ServerTasks-429"",""Web"":""/app#/deployments/deployments-142"",""Artifacts"":""/api/artifacts?regarding=deployments-142"",""Interruptions"":""/api/interruptions?regarding=deployments-142""}}","localhost.localdomain","octopus_deploy://Local Octopus Deploy","octopus_deploy"
"octopus:deployment","{""Id"":""deployments-143"",""ReleaseId"":""releases-140"",""EnvironmentId"":""Environments-1"",""ForcePackageDownload"":false,""ForcePackageRedeployment"":false,""SkipActions"":[],""SpecificMachineIds"":[],""TaskId"":""ServerTasks-430"",""ProjectId"":""projects-1"",""UseGuidedFailure"":false,""Comments"":null,""FormValues"":{},""QueueTime"":null,""Name"":""Deploy to Development"",""Created"":""2015-06-23T22:01:42.699+00:00"",""Links"":{""Self"":""/api/deployments/deployments-143"",""Release"":""/api/releases/releases-140"",""Environment"":""/api/environments/Environments-1"",""Project"":""/api/projects/projects-1"",""Task"":""/api/tasks/ServerTasks-430"",""Web"":""/app#/deployments/deployments-143"",""Artifacts"":""/api/artifacts?regarding=deployments-143"",""Interruptions"":""/api/interruptions?regarding=deployments-143""}}","localhost.localdomain","octopus_deploy://Local Octopus Deploy","octopus_deploy"
"octopus:deployment","{""Id"":""deployments-144"",""ReleaseId"":""releases-140"",""EnvironmentId"":""Environments-33"",""ForcePackageDownload"":false,""ForcePackageRedeployment"":false,""SkipActions"":[],""SpecificMachineIds"":[],""TaskId"":""ServerTasks-431"",""ProjectId"":""projects-1"",""UseGuidedFailure"":false,""Comments"":null,""FormValues"":{},""QueueTime"":null,""Name"":""Deploy to UAT"",""Created"":""2015-06-23T22:01:51.668+00:00"",""LastModifiedOn"":""2015-06-23T22:01:51.700+00:00"",""LastModifiedBy"":""merbla"",""Links"":{""Self"":""/api/deployments/deployments-144"",""Release"":""/api/releases/releases-140"",""Environment"":""/api/environments/Environments-33"",""Project"":""/api/projects/projects-1"",""Task"":""/api/tasks/ServerTasks-431"",""Web"":""/app#/deployments/deployments-144"",""Artifacts"":""/api/artifacts?regarding=deployments-144"",""Interruptions"":""/api/interruptions?regarding=deployments-144""}}","localhost.localdomain","octopus_deploy://Local Octopus Deploy","octopus_deploy"
"octopus:deployment","{""Id"":""deployments-161"",""ReleaseId"":""releases-161"",""EnvironmentId"":""Environments-1"",""ForcePackageDownload"":false,""ForcePackageRedeployment"":false,""SkipActions"":[],""SpecificMachineIds"":[],""TaskId"":""ServerTasks-494"",""ProjectId"":""projects-1"",""UseGuidedFailure"":false,""Comments"":null,""FormValues"":{},""QueueTime"":null,""Name"":""Deploy to Development"",""Created"":""2015-07-02T07:57:25.914+00:00"",""Links"":{""Self"":""/api/deployments/deployments-161"",""Release"":""/api/releases/releases-161"",""Environment"":""/api/environments/Environments-1"",""Project"":""/api/projects/projects-1"",""Task"":""/api/tasks/ServerTasks-494"",""Web"":""/app#/deployments/deployments-161"",""Artifacts"":""/api/artifacts?regarding=deployments-161"",""Interruptions"":""/api/interruptions?regarding=deployments-161""}}","localhost.localdomain","octopus_deploy://Local Octopus Deploy","octopus_deploy"
"octopus:deployment","{""Id"":""deployments-162"",""ReleaseId"":""releases-162"",""EnvironmentId"":""Environments-1"",""ForcePackageDownload"":false,""ForcePackageRedeployment"":false,""SkipActions"":[],""SpecificMachineIds"":[],""TaskId"":""ServerTasks-495"",""ProjectId"":""projects-33"",""UseGuidedFailure"":false,""Comments"":null,""FormValues"":{},""QueueTime"":null,""Name"":""Deploy to Development"",""Created"":""2015-07-02T07:58:29.491+00:00"",""Links"":{""Self"":""/api/deployments/deployments-162"",""Release"":""/api/releases/releases-162"",""Environment"":""/api/environments/Environments-1"",""Project"":""/api/projects/projects-33"",""Task"":""/api/tasks/ServerTasks-495"",""Web"":""/app#/deployments/deployments-162"",""Artifacts"":""/api/artifacts?regarding=deployments-162"",""Interruptions"":""/api/interruptions?regarding=deployments-162""}}","localhost.localdomain","octopus_deploy://Local Octopus Deploy","octopus_deploy"
"octopus:deployment","{""Id"":""deployments-163"",""ReleaseId"":""releases-162"",""EnvironmentId"":""Environments-33"",""ForcePackageDownload"":false,""ForcePackageRedeployment"":false,""SkipActions"":[],""SpecificMachineIds"":[],""TaskId"":""ServerTasks-496"",""ProjectId"":""projects-33"",""UseGuidedFailure"":false,""Comments"":null,""FormValues"":{},""QueueTime"":null,""Name"":""Deploy to UAT"",""Created"":""2015-07-02T08:00:14.648+00:00"",""LastModifiedOn"":""2015-07-02T08:00:14.789+00:00"",""LastModifiedBy"":""Rupert"",""Links"":{""Self"":""/api/deployments/deployments-163"",""Release"":""/api/releases/releases-162"",""Environment"":""/api/environments/Environments-33"",""Project"":""/api/projects/projects-33"",""Task"":""/api/tasks/ServerTasks-496"",""Web"":""/app#/deployments/deployments-163"",""Artifacts"":""/api/artifacts?regarding=deployments-163"",""Interruptions"":""/api/interruptions?regarding=deployments-163""}}","localhost.localdomain","octopus_deploy://Local Octopus Deploy","octopus_deploy"
"octopus:deployment","{""Id"":""deployments-164"",""ReleaseId"":""releases-163"",""EnvironmentId"":""Environments-1"",""ForcePackageDownload"":false,""ForcePackageRedeployment"":false,""SkipActions"":[],""SpecificMachineIds"":[],""TaskId"":""ServerTasks-497"",""ProjectId"":""projects-1"",""UseGuidedFailure"":false,""Comments"":null,""FormValues"":{},""QueueTime"":null,""Name"":""Deploy to Development"",""Created"":""2015-07-02T08:01:10.462+00:00"",""Links"":{""Self"":""/api/deployments/deployments-164"",""Release"":""/api/releases/releases-163"",""Environment"":""/api/environments/Environments-1"",""Project"":""/api/projects/projects-1"",""Task"":""/api/tasks/ServerTasks-497"",""Web"":""/app#/deployments/deployments-164"",""Artifacts"":""/api/artifacts?regarding=deployments-164"",""Interruptions"":""/api/interruptions?regarding=deployments-164""}}","localhost.localdomain","octopus_deploy://Local Octopus Deploy","octopus_deploy"
"octopus:deployment","{""Id"":""deployments-165"",""ReleaseId"":""releases-163"",""EnvironmentId"":""Environments-33"",""ForcePackageDownload"":false,""ForcePackageRedeployment"":false,""SkipActions"":[],""SpecificMachineIds"":[],""TaskId"":""ServerTasks-498"",""ProjectId"":""projects-1"",""UseGuidedFailure"":false,""Comments"":null,""FormValues"":{},""QueueTime"":null,""Name"":""Deploy to UAT"",""Created"":""2015-07-02T08:01:58.274+00:00"",""LastModifiedOn"":""2015-07-02T08:01:58.899+00:00"",""LastModifiedBy"":""Rupert"",""Links"":{""Self"":""/api/deployments/deployments-165"",""Release"":""/api/releases/releases-163"",""Environment"":""/api/environments/Environments-33"",""Project"":""/api/projects/projects-1"",""Task"":""/api/tasks/ServerTasks-498"",""Web"":""/app#/deployments/deployments-165"",""Artifacts"":""/api/artifacts?regarding=deployments-165"",""Interruptions"":""/api/interruptions?regarding=deployments-165""}}","localhost.localdomain","octopus_deploy://Local Octopus Deploy","octopus_deploy"
"octopus:deployment","{""Id"":""deployments-166"",""ReleaseId"":""releases-163"",""EnvironmentId"":""Environments-34"",""ForcePackageDownload"":false,""ForcePackageRedeployment"":false,""SkipActions"":[],""SpecificMachineIds"":[],""TaskId"":""ServerTasks-499"",""ProjectId"":""projects-1"",""UseGuidedFailure"":false,""Comments"":null,""FormValues"":{},""QueueTime"":null,""Name"":""Deploy to Production"",""Created"":""2015-07-02T08:04:58.511+00:00"",""LastModifiedOn"":""2015-07-02T08:04:58.933+00:00"",""LastModifiedBy"":""Rupert"",""Links"":{""Self"":""/api/deployments/deployments-166"",""Release"":""/api/releases/releases-163"",""Environment"":""/api/environments/Environments-34"",""Project"":""/api/projects/projects-1"",""Task"":""/api/tasks/ServerTasks-499"",""Web"":""/app#/deployments/deployments-166"",""Artifacts"":""/api/artifacts?regarding=deployments-166"",""Interruptions"":""/api/interruptions?regarding=deployments-166""}}","localhost.localdomain","octopus_deploy://Local Octopus Deploy","octopus_deploy"
"octopus:deployment","{""Id"":""deployments-167"",""ReleaseId"":""releases-164"",""EnvironmentId"":""Environments-1"",""ForcePackageDownload"":false,""ForcePackageRedeployment"":false,""SkipActions"":[],""SpecificMachineIds"":[],""TaskId"":""ServerTasks-500"",""ProjectId"":""projects-33"",""UseGuidedFailure"":false,""Comments"":null,""FormValues"":{},""QueueTime"":null,""Name"":""Deploy to Development"",""Created"":""2015-07-02T08:06:26.560+00:00"",""Links"":{""Self"":""/api/deployments/deployments-167"",""Release"":""/api/releases/releases-164"",""Environment"":""/api/environments/Environments-1"",""Project"":""/api/projects/projects-33"",""Task"":""/api/tasks/ServerTasks-500"",""Web"":""/app#/deployments/deployments-167"",""Artifacts"":""/api/artifacts?regarding=deployments-167"",""Interruptions"":""/api/interruptions?regarding=deployments-167""}}","localhost.localdomain","octopus_deploy://Local Octopus Deploy","octopus_deploy"
"octopus:deployment","{""Id"":""deployments-168"",""ReleaseId"":""releases-165"",""EnvironmentId"":""Environments-1"",""ForcePackageDownload"":false,""ForcePackageRedeployment"":false,""SkipActions"":[],""SpecificMachineIds"":[],""TaskId"":""ServerTasks-501"",""ProjectId"":""projects-33"",""UseGuidedFailure"":false,""Comments"":null,""FormValues"":{},""QueueTime"":null,""Name"":""Deploy to Development"",""Created"":""2015-07-02T08:06:36.981+00:00"",""Links"":{""Self"":""/api/deployments/deployments-168"",""Release"":""/api/releases/releases-165"",""Environment"":""/api/environments/Environments-1"",""Project"":""/api/projects/projects-33"",""Task"":""/api/tasks/ServerTasks-501"",""Web"":""/app#/deployments/deployments-168"",""Artifacts"":""/api/artifacts?regarding=deployments-168"",""Interruptions"":""/api/interruptions?regarding=deployments-168""}}","localhost.localdomain","octopus_deploy://Local Octopus Deploy","octopus_deploy"
"octopus:deployment","{""Id"":""deployments-169"",""ReleaseId"":""releases-166"",""EnvironmentId"":""Environments-1"",""ForcePackageDownload"":false,""ForcePackageRedeployment"":false,""SkipActions"":[],""SpecificMachineIds"":[],""TaskId"":""ServerTasks-502"",""ProjectId"":""projects-33"",""UseGuidedFailure"":false,""Comments"":null,""FormValues"":{},""QueueTime"":null,""Name"":""Deploy to Development"",""Created"":""2015-07-02T08:07:00.778+00:00"",""Links"":{""Self"":""/api/deployments/deployments-169"",""Release"":""/api/releases/releases-166"",""Environment"":""/api/environments/Environments-1"",""Project"":""/api/projects/projects-33"",""Task"":""/api/tasks/ServerTasks-502"",""Web"":""/app#/deployments/deployments-169"",""Artifacts"":""/api/artifacts?regarding=deployments-169"",""Interruptions"":""/api/interruptions?regarding=deployments-169""}}","localhost.localdomain","octopus_deploy://Local Octopus Deploy","octopus_deploy"
"octopus:deployment","{""Id"":""deployments-170"",""ReleaseId"":""releases-166"",""EnvironmentId"":""Environments-33"",""ForcePackageDownload"":false,""ForcePackageRedeployment"":false,""SkipActions"":[],""SpecificMachineIds"":[],""TaskId"":""ServerTasks-504"",""ProjectId"":""projects-33"",""UseGuidedFailure"":false,""Comments"":null,""FormValues"":{},""QueueTime"":null,""Name"":""Deploy to UAT"",""Created"":""2015-07-02T09:05:01.979+00:00"",""LastModifiedOn"":""2015-07-02T09:05:02.057+00:00"",""LastModifiedBy"":""Rupert"",""Links"":{""Self"":""/api/deployments/deployments-170"",""Release"":""/api/releases/releases-166"",""Environment"":""/api/environments/Environments-33"",""Project"":""/api/projects/projects-33"",""Task"":""/api/tasks/ServerTasks-504"",""Web"":""/app#/deployments/deployments-170"",""Artifacts"":""/api/artifacts?regarding=deployments-170"",""Interruptions"":""/api/interruptions?regarding=deployments-170""}}","localhost.localdomain","octopus_deploy://Local Octopus Deploy","octopus_deploy"
"octopus:deployment","{""Id"":""deployments-171"",""ReleaseId"":""releases-167"",""EnvironmentId"":""Environments-1"",""ForcePackageDownload"":false,""ForcePackageRedeployment"":false,""SkipActions"":[],""SpecificMachineIds"":[],""TaskId"":""ServerTasks-508"",""ProjectId"":""projects-33"",""UseGuidedFailure"":false,""Comments"":null,""FormValues"":{},""QueueTime"":null,""Name"":""Deploy to Development"",""Created"":""2015-07-02T21:23:42.366+00:00"",""Links"":{""Self"":""/api/deployments/deployments-171"",""Release"":""/api/releases/releases-167"",""Environment"":""/api/environments/Environments-1"",""Project"":""/api/projects/projects-33"",""Task"":""/api/tasks/ServerTasks-508"",""Web"":""/app#/deployments/deployments-171"",""Artifacts"":""/api/artifacts?regarding=deployments-171"",""Interruptions"":""/api/interruptions?regarding=deployments-171""}}","localhost.localdomain","octopus_deploy://Local Octopus Deploy","octopus_deploy"
"octopus:deployment","{""Id"":""deployments-172"",""ReleaseId"":""releases-166"",""EnvironmentId"":""Environments-34"",""ForcePackageDownload"":false,""ForcePackageRedeployment"":false,""SkipActions"":[],""SpecificMachineIds"":[],""TaskId"":""ServerTasks-509"",""ProjectId"":""projects-33"",""UseGuidedFailure"":false,""Comments"":null,""FormValues"":{},""QueueTime"":null,""Name"":""Deploy to Production"",""Created"":""2015-07-02T21:38:30.098+00:00"",""LastModifiedOn"":""2015-07-02T21:38:30.145+00:00"",""LastModifiedBy"":""Rupert"",""Links"":{""Self"":""/api/deployments/deployments-172"",""Release"":""/api/releases/releases-166"",""Environment"":""/api/environments/Environments-34"",""Project"":""/api/projects/projects-33"",""Task"":""/api/tasks/ServerTasks-509"",""Web"":""/app#/deployments/deployments-172"",""Artifacts"":""/api/artifacts?regarding=deployments-172"",""Interruptions"":""/api/interruptions?regarding=deployments-172""}}","localhost.localdomain","octopus_deploy://Local Octopus Deploy","octopus_deploy"
"octopus:deployment","{""Id"":""deployments-173"",""ReleaseId"":""releases-140"",""EnvironmentId"":""Environments-34"",""ForcePackageDownload"":false,""ForcePackageRedeployment"":false,""SkipActions"":[],""SpecificMachineIds"":[],""TaskId"":""ServerTasks-519"",""ProjectId"":""projects-1"",""UseGuidedFailure"":false,""Comments"":null,""FormValues"":{},""QueueTime"":null,""Name"":""Deploy to Production"",""Created"":""2015-07-03T03:53:43.160+00:00"",""LastModifiedOn"":""2015-07-03T03:53:43.378+00:00"",""LastModifiedBy"":""merbla"",""Links"":{""Self"":""/api/deployments/deployments-173"",""Release"":""/api/releases/releases-140"",""Environment"":""/api/environments/Environments-34"",""Project"":""/api/projects/projects-1"",""Task"":""/api/tasks/ServerTasks-519"",""Web"":""/app#/deployments/deployments-173"",""Artifacts"":""/api/artifacts?regarding=deployments-173"",""Interruptions"":""/api/interruptions?regarding=deployments-173""}}","localhost.localdomain","octopus_deploy://Local Octopus Deploy","octopus_deploy"
"octopus:deployment","{""Id"":""deployments-174"",""ReleaseId"":""releases-167"",""EnvironmentId"":""Environments-33"",""ForcePackageDownload"":false,""ForcePackageRedeployment"":false,""SkipActions"":[],""SpecificMachineIds"":[],""TaskId"":""ServerTasks-520"",""ProjectId"":""projects-33"",""UseGuidedFailure"":false,""Comments"":null,""FormValues"":{},""QueueTime"":null,""Name"":""Deploy to UAT"",""Created"":""2015-07-03T04:00:43.377+00:00"",""LastModifiedOn"":""2015-07-03T04:00:43.424+00:00"",""LastModifiedBy"":""merbla"",""Links"":{""Self"":""/api/deployments/deployments-174"",""Release"":""/api/releases/releases-167"",""Environment"":""/api/environments/Environments-33"",""Project"":""/api/projects/projects-33"",""Task"":""/api/tasks/ServerTasks-520"",""Web"":""/app#/deployments/deployments-174"",""Artifacts"":""/api/artifacts?regarding=deployments-174"",""Interruptions"":""/api/interruptions?regarding=deployments-174""}}","localhost.localdomain","octopus_deploy://Local Octopus Deploy","octopus_deploy"
"octopus:deployment","{""Id"":""deployments-175"",""ReleaseId"":""releases-168"",""EnvironmentId"":""Environments-1"",""ForcePackageDownload"":false,""ForcePackageRedeployment"":false,""SkipActions"":[],""SpecificMachineIds"":[],""TaskId"":""ServerTasks-521"",""ProjectId"":""projects-1"",""UseGuidedFailure"":false,""Comments"":null,""FormValues"":{},""QueueTime"":null,""Name"":""Deploy to Development"",""Created"":""2015-07-03T04:11:14.706+00:00"",""Links"":{""Self"":""/api/deployments/deployments-175"",""Release"":""/api/releases/releases-168"",""Environment"":""/api/environments/Environments-1"",""Project"":""/api/projects/projects-1"",""Task"":""/api/tasks/ServerTasks-521"",""Web"":""/app#/deployments/deployments-175"",""Artifacts"":""/api/artifacts?regarding=deployments-175"",""Interruptions"":""/api/interruptions?regarding=deployments-175""}}","localhost.localdomain","octopus_deploy://Local Octopus Deploy","octopus_deploy"
"octopus:deployment","{""Id"":""deployments-176"",""ReleaseId"":""releases-168"",""EnvironmentId"":""Environments-1"",""ForcePackageDownload"":false,""ForcePackageRedeployment"":false,""SkipActions"":[],""SpecificMachineIds"":[],""TaskId"":""ServerTasks-522"",""ProjectId"":""projects-1"",""UseGuidedFailure"":false,""Comments"":null,""FormValues"":{},""QueueTime"":null,""Name"":""Deploy to Development (#2)"",""Created"":""2015-07-03T04:17:40.612+00:00"",""LastModifiedOn"":""2015-07-03T04:17:40.659+00:00"",""LastModifiedBy"":""merbla"",""Links"":{""Self"":""/api/deployments/deployments-176"",""Release"":""/api/releases/releases-168"",""Environment"":""/api/environments/Environments-1"",""Project"":""/api/projects/projects-1"",""Task"":""/api/tasks/ServerTasks-522"",""Web"":""/app#/deployments/deployments-176"",""Artifacts"":""/api/artifacts?regarding=deployments-176"",""Interruptions"":""/api/interruptions?regarding=deployments-176""}}","localhost.localdomain","octopus_deploy://Local Octopus Deploy","octopus_deploy"
"octopus:deployment","{""Id"":""deployments-177"",""ReleaseId"":""releases-169"",""EnvironmentId"":""Environments-1"",""ForcePackageDownload"":false,""ForcePackageRedeployment"":false,""SkipActions"":[],""SpecificMachineIds"":[],""TaskId"":""ServerTasks-523"",""ProjectId"":""projects-1"",""UseGuidedFailure"":false,""Comments"":null,""FormValues"":{},""QueueTime"":null,""Name"":""Deploy to Development"",""Created"":""2015-07-03T04:18:45.659+00:00"",""Links"":{""Self"":""/api/deployments/deployments-177"",""Release"":""/api/releases/releases-169"",""Environment"":""/api/environments/Environments-1"",""Project"":""/api/projects/projects-1"",""Task"":""/api/tasks/ServerTasks-523"",""Web"":""/app#/deployments/deployments-177"",""Artifacts"":""/api/artifacts?regarding=deployments-177"",""Interruptions"":""/api/interruptions?regarding=deployments-177""}}","localhost.localdomain","octopus_deploy://Local Octopus Deploy","octopus_deploy"
"octopus:deployment","{""Id"":""deployments-178"",""ReleaseId"":""releases-170"",""EnvironmentId"":""Environments-1"",""ForcePackageDownload"":false,""ForcePackageRedeployment"":false,""SkipActions"":[],""SpecificMachineIds"":[],""TaskId"":""ServerTasks-531"",""ProjectId"":""projects-33"",""UseGuidedFailure"":false,""Comments"":null,""FormValues"":{},""QueueTime"":null,""Name"":""Deploy to Development"",""Created"":""2015-07-11T23:20:15.937+00:00"",""Links"":{""Self"":""/api/deployments/deployments-178"",""Release"":""/api/releases/releases-170"",""Environment"":""/api/environments/Environments-1"",""Project"":""/api/projects/projects-33"",""Task"":""/api/tasks/ServerTasks-531"",""Web"":""/app#/deployments/deployments-178"",""Artifacts"":""/api/artifacts?regarding=deployments-178"",""Interruptions"":""/api/interruptions?regarding=deployments-178""}}","localhost.localdomain","octopus_deploy://Local Octopus Deploy","octopus_deploy"
"octopus:deployment","{""Id"":""deployments-179"",""ReleaseId"":""releases-171"",""EnvironmentId"":""Environments-1"",""ForcePackageDownload"":false,""ForcePackageRedeployment"":false,""SkipActions"":[],""SpecificMachineIds"":[],""TaskId"":""ServerTasks-532"",""ProjectId"":""projects-1"",""UseGuidedFailure"":false,""Comments"":null,""FormValues"":{},""QueueTime"":null,""Name"":""Deploy to Development"",""Created"":""2015-07-11T23:20:25.406+00:00"",""Links"":{""Self"":""/api/deployments/deployments-179"",""Release"":""/api/releases/releases-171"",""Environment"":""/api/environments/Environments-1"",""Project"":""/api/projects/projects-1"",""Task"":""/api/tasks/ServerTasks-532"",""Web"":""/app#/deployments/deployments-179"",""Artifacts"":""/api/artifacts?regarding=deployments-179"",""Interruptions"":""/api/interruptions?regarding=deployments-179""}}","localhost.localdomain","octopus_deploy://Local Octopus Deploy","octopus_deploy"
"octopus:deployment","{""Id"":""deployments-180"",""ReleaseId"":""releases-170"",""EnvironmentId"":""Environments-33"",""ForcePackageDownload"":false,""ForcePackageRedeployment"":false,""SkipActions"":[],""SpecificMachineIds"":[],""TaskId"":""ServerTasks-533"",""ProjectId"":""projects-33"",""UseGuidedFailure"":false,""Comments"":null,""FormValues"":{},""QueueTime"":null,""Name"":""Deploy to UAT"",""Created"":""2015-07-11T23:20:30.703+00:00"",""LastModifiedOn"":""2015-07-11T23:20:30.766+00:00"",""LastModifiedBy"":""merbla"",""Links"":{""Self"":""/api/deployments/deployments-180"",""Release"":""/api/releases/releases-170"",""Environment"":""/api/environments/Environments-33"",""Project"":""/api/projects/projects-33"",""Task"":""/api/tasks/ServerTasks-533"",""Web"":""/app#/deployments/deployments-180"",""Artifacts"":""/api/artifacts?regarding=deployments-180"",""Interruptions"":""/api/interruptions?regarding=deployments-180""}}","localhost.localdomain","octopus_deploy://Local Octopus Deploy","octopus_deploy"
"octopus:deployment","{""Id"":""deployments-181"",""ReleaseId"":""releases-172"",""EnvironmentId"":""Environments-1"",""ForcePackageDownload"":false,""ForcePackageRedeployment"":false,""SkipActions"":[],""SpecificMachineIds"":[],""TaskId"":""ServerTasks-567"",""ProjectId"":""projects-34"",""UseGuidedFailure"":false,""Comments"":null,""FormValues"":{},""QueueTime"":null,""Name"":""Deploy to Development"",""Created"":""2015-07-15T11:14:45.742+00:00"",""LastModifiedOn"":""2015-07-15T11:14:45.805+00:00"",""LastModifiedBy"":""merbla"",""Links"":{""Self"":""/api/deployments/deployments-181"",""Release"":""/api/releases/releases-172"",""Environment"":""/api/environments/Environments-1"",""Project"":""/api/projects/projects-34"",""Task"":""/api/tasks/ServerTasks-567"",""Web"":""/app#/deployments/deployments-181"",""Artifacts"":""/api/artifacts?regarding=deployments-181"",""Interruptions"":""/api/interruptions?regarding=deployments-181""}}","localhost.localdomain","octopus_deploy://Local Octopus Deploy","octopus_deploy"
"octopus:deployment","{""Id"":""deployments-182"",""ReleaseId"":""releases-172"",""EnvironmentId"":""Environments-34"",""ForcePackageDownload"":false,""ForcePackageRedeployment"":false,""SkipActions"":[],""SpecificMachineIds"":[],""TaskId"":""ServerTasks-568"",""ProjectId"":""projects-34"",""UseGuidedFailure"":false,""Comments"":null,""FormValues"":{},""QueueTime"":null,""Name"":""Deploy to Production"",""Created"":""2015-07-15T11:14:45.867+00:00"",""LastModifiedOn"":""2015-07-15T11:14:46.305+00:00"",""LastModifiedBy"":""merbla"",""Links"":{""Self"":""/api/deployments/deployments-182"",""Release"":""/api/releases/releases-172"",""Environment"":""/api/environments/Environments-34"",""Project"":""/api/projects/projects-34"",""Task"":""/api/tasks/ServerTasks-568"",""Web"":""/app#/deployments/deployments-182"",""Artifacts"":""/api/artifacts?regarding=deployments-182"",""Interruptions"":""/api/interruptions?regarding=deployments-182""}}","localhost.localdomain","octopus_deploy://Local Octopus Deploy","octopus_deploy"
"octopus:deployment","{""Id"":""deployments-183"",""ReleaseId"":""releases-172"",""EnvironmentId"":""Environments-33"",""ForcePackageDownload"":false,""ForcePackageRedeployment"":false,""SkipActions"":[],""SpecificMachineIds"":[],""TaskId"":""ServerTasks-569"",""ProjectId"":""projects-34"",""UseGuidedFailure"":false,""Comments"":null,""FormValues"":{},""QueueTime"":null,""Name"":""Deploy to UAT"",""Created"":""2015-07-15T11:14:46.742+00:00"",""LastModifiedOn"":""2015-07-15T11:14:47.711+00:00"",""LastModifiedBy"":""merbla"",""Links"":{""Self"":""/api/deployments/deployments-183"",""Release"":""/api/releases/releases-172"",""Environment"":""/api/environments/Environments-33"",""Project"":""/api/projects/projects-34"",""Task"":""/api/tasks/ServerTasks-569"",""Web"":""/app#/deployments/deployments-183"",""Artifacts"":""/api/artifacts?regarding=deployments-183"",""Interruptions"":""/api/interruptions?regarding=deployments-183""}}","localhost.localdomain","octopus_deploy://Local Octopus Deploy","octopus_deploy"
"octopus:deployment","{""Id"":""deployments-184"",""ReleaseId"":""releases-173"",""EnvironmentId"":""Environments-1"",""ForcePackageDownload"":false,""ForcePackageRedeployment"":false,""SkipActions"":[],""SpecificMachineIds"":[],""TaskId"":""ServerTasks-570"",""ProjectId"":""projects-35"",""UseGuidedFailure"":false,""Comments"":null,""FormValues"":{},""QueueTime"":null,""Name"":""Deploy to Development"",""Created"":""2015-07-15T11:17:33.699+00:00"",""LastModifiedOn"":""2015-07-15T11:17:33.730+00:00"",""LastModifiedBy"":""merbla"",""Links"":{""Self"":""/api/deployments/deployments-184"",""Release"":""/api/releases/releases-173"",""Environment"":""/api/environments/Environments-1"",""Project"":""/api/projects/projects-35"",""Task"":""/api/tasks/ServerTasks-570"",""Web"":""/app#/deployments/deployments-184"",""Artifacts"":""/api/artifacts?regarding=deployments-184"",""Interruptions"":""/api/interruptions?regarding=deployments-184""}}","localhost.localdomain","octopus_deploy://Local Octopus Deploy","octopus_deploy"
"octopus:deployment","{""Id"":""deployments-185"",""ReleaseId"":""releases-173"",""EnvironmentId"":""Environments-33"",""ForcePackageDownload"":false,""ForcePackageRedeployment"":false,""SkipActions"":[],""SpecificMachineIds"":[],""TaskId"":""ServerTasks-572"",""ProjectId"":""projects-35"",""UseGuidedFailure"":false,""Comments"":null,""FormValues"":{},""QueueTime"":null,""Name"":""Deploy to UAT"",""Created"":""2015-07-15T11:22:39.950+00:00"",""LastModifiedOn"":""2015-07-15T11:22:39.998+00:00"",""LastModifiedBy"":""merbla"",""Links"":{""Self"":""/api/deployments/deployments-185"",""Release"":""/api/releases/releases-173"",""Environment"":""/api/environments/Environments-33"",""Project"":""/api/projects/projects-35"",""Task"":""/api/tasks/ServerTasks-572"",""Web"":""/app#/deployments/deployments-185"",""Artifacts"":""/api/artifacts?regarding=deployments-185"",""Interruptions"":""/api/interruptions?regarding=deployments-185""}}","localhost.localdomain","octopus_deploy://Local Octopus Deploy","octopus_deploy"
"octopus:deployment","{""Id"":""deployments-186"",""ReleaseId"":""releases-174"",""EnvironmentId"":""Environments-1"",""ForcePackageDownload"":false,""ForcePackageRedeployment"":false,""SkipActions"":[],""SpecificMachineIds"":[],""TaskId"":""ServerTasks-573"",""ProjectId"":""projects-34"",""UseGuidedFailure"":false,""Comments"":null,""FormValues"":{},""QueueTime"":null,""Name"":""Deploy to Development"",""Created"":""2015-07-15T11:33:23.663+00:00"",""LastModifiedOn"":""2015-07-15T11:33:23.710+00:00"",""LastModifiedBy"":""MissManager"",""Links"":{""Self"":""/api/deployments/deployments-186"",""Release"":""/api/releases/releases-174"",""Environment"":""/api/environments/Environments-1"",""Project"":""/api/projects/projects-34"",""Task"":""/api/tasks/ServerTasks-573"",""Web"":""/app#/deployments/deployments-186"",""Artifacts"":""/api/artifacts?regarding=deployments-186"",""Interruptions"":""/api/interruptions?regarding=deployments-186""}}","localhost.localdomain","octopus_deploy://Local Octopus Deploy","octopus_deploy"
"octopus:deployment","{""Id"":""deployments-187"",""ReleaseId"":""releases-174"",""EnvironmentId"":""Environments-34"",""ForcePackageDownload"":false,""ForcePackageRedeployment"":false,""SkipActions"":[],""SpecificMachineIds"":[],""TaskId"":""ServerTasks-574"",""ProjectId"":""projects-34"",""UseGuidedFailure"":false,""Comments"":null,""FormValues"":{},""QueueTime"":null,""Name"":""Deploy to Production"",""Created"":""2015-07-15T11:33:23.804+00:00"",""LastModifiedOn"":""2015-07-15T11:33:25.241+00:00"",""LastModifiedBy"":""MissManager"",""Links"":{""Self"":""/api/deployments/deployments-187"",""Release"":""/api/releases/releases-174"",""Environment"":""/api/environments/Environments-34"",""Project"":""/api/projects/projects-34"",""Task"":""/api/tasks/ServerTasks-574"",""Web"":""/app#/deployments/deployments-187"",""Artifacts"":""/api/artifacts?regarding=deployments-187"",""Interruptions"":""/api/interruptions?regarding=deployments-187""}}","localhost.localdomain","octopus_deploy://Local Octopus Deploy","octopus_deploy"
"octopus:deployment","{""Id"":""deployments-188"",""ReleaseId"":""releases-174"",""EnvironmentId"":""Environments-33"",""ForcePackageDownload"":false,""ForcePackageRedeployment"":false,""SkipActions"":[],""SpecificMachineIds"":[],""TaskId"":""ServerTasks-575"",""ProjectId"":""projects-34"",""UseGuidedFailure"":false,""Comments"":null,""FormValues"":{},""QueueTime"":null,""Name"":""Deploy to UAT"",""Created"":""2015-07-15T11:33:25.944+00:00"",""LastModifiedOn"":""2015-07-15T11:33:26.288+00:00"",""LastModifiedBy"":""MissManager"",""Links"":{""Self"":""/api/deployments/deployments-188"",""Release"":""/api/releases/releases-174"",""Environment"":""/api/environments/Environments-33"",""Project"":""/api/projects/projects-34"",""Task"":""/api/tasks/ServerTasks-575"",""Web"":""/app#/deployments/deployments-188"",""Artifacts"":""/api/artifacts?regarding=deployments-188"",""Interruptions"":""/api/interruptions?regarding=deployments-188""}}","localhost.localdomain","octopus_deploy://Local Octopus Deploy","octopus_deploy"
"octopus:deployment","{""Id"":""deployments-195"",""ReleaseId"":""releases-179"",""EnvironmentId"":""Environments-1"",""ForcePackageDownload"":false,""ForcePackageRedeployment"":false,""SkipActions"":[],""SpecificMachineIds"":[],""TaskId"":""ServerTasks-587"",""ProjectId"":""projects-33"",""UseGuidedFailure"":false,""Comments"":null,""FormValues"":{},""QueueTime"":null,""Name"":""Deploy to Development"",""Created"":""2015-07-15T22:00:55.229+00:00"",""Links"":{""Self"":""/api/deployments/deployments-195"",""Release"":""/api/releases/releases-179"",""Environment"":""/api/environments/Environments-1"",""Project"":""/api/projects/projects-33"",""Task"":""/api/tasks/ServerTasks-587"",""Web"":""/app#/deployments/deployments-195"",""Artifacts"":""/api/artifacts?regarding=deployments-195"",""Interruptions"":""/api/interruptions?regarding=deployments-195""}}","localhost.localdomain","octopus_deploy://Local Octopus Deploy","octopus_deploy"
"octopus:deployment","{""Id"":""deployments-194"",""ReleaseId"":""releases-178"",""EnvironmentId"":""Environments-1"",""ForcePackageDownload"":false,""ForcePackageRedeployment"":false,""SkipActions"":[],""SpecificMachineIds"":[],""TaskId"":""ServerTasks-585"",""ProjectId"":""projects-34"",""UseGuidedFailure"":false,""Comments"":null,""FormValues"":{},""QueueTime"":null,""Name"":""Deploy to Development"",""Created"":""2015-07-15T21:52:07.580+00:00"",""LastModifiedOn"":""2015-07-15T21:52:07.596+00:00"",""LastModifiedBy"":""merbla"",""Links"":{""Self"":""/api/deployments/deployments-194"",""Release"":""/api/releases/releases-178"",""Environment"":""/api/environments/Environments-1"",""Project"":""/api/projects/projects-34"",""Task"":""/api/tasks/ServerTasks-585"",""Web"":""/app#/deployments/deployments-194"",""Artifacts"":""/api/artifacts?regarding=deployments-194"",""Interruptions"":""/api/interruptions?regarding=deployments-194""}}","localhost.localdomain","octopus_deploy://Local Octopus Deploy","octopus_deploy"
"octopus:deployment","{""Id"":""deployments-193"",""ReleaseId"":""releases-177"",""EnvironmentId"":""Environments-1"",""ForcePackageDownload"":false,""ForcePackageRedeployment"":false,""SkipActions"":[],""SpecificMachineIds"":[],""TaskId"":""ServerTasks-584"",""ProjectId"":""projects-36"",""UseGuidedFailure"":false,""Comments"":null,""FormValues"":{},""QueueTime"":null,""Name"":""Deploy to Development"",""Created"":""2015-07-15T21:51:52.126+00:00"",""LastModifiedOn"":""2015-07-15T21:51:52.173+00:00"",""LastModifiedBy"":""merbla"",""Links"":{""Self"":""/api/deployments/deployments-193"",""Release"":""/api/releases/releases-177"",""Environment"":""/api/environments/Environments-1"",""Project"":""/api/projects/projects-36"",""Task"":""/api/tasks/ServerTasks-584"",""Web"":""/app#/deployments/deployments-193"",""Artifacts"":""/api/artifacts?regarding=deployments-193"",""Interruptions"":""/api/interruptions?regarding=deployments-193""}}","localhost.localdomain","octopus_deploy://Local Octopus Deploy","octopus_deploy"
"octopus:deployment","{""Id"":""deployments-189"",""ReleaseId"":""releases-175"",""EnvironmentId"":""Environments-1"",""ForcePackageDownload"":false,""ForcePackageRedeployment"":false,""SkipActions"":[],""SpecificMachineIds"":[],""TaskId"":""ServerTasks-577"",""ProjectId"":""projects-36"",""UseGuidedFailure"":false,""Comments"":null,""FormValues"":{},""QueueTime"":null,""Name"":""Deploy to Development"",""Created"":""2015-07-15T12:20:30.682+00:00"",""LastModifiedOn"":""2015-07-15T12:20:30.713+00:00"",""LastModifiedBy"":""merbla"",""Links"":{""Self"":""/api/deployments/deployments-189"",""Release"":""/api/releases/releases-175"",""Environment"":""/api/environments/Environments-1"",""Project"":""/api/projects/projects-36"",""Task"":""/api/tasks/ServerTasks-577"",""Web"":""/app#/deployments/deployments-189"",""Artifacts"":""/api/artifacts?regarding=deployments-189"",""Interruptions"":""/api/interruptions?regarding=deployments-189""}}","localhost.localdomain","octopus_deploy://Local Octopus Deploy","octopus_deploy"
"octopus:deployment","{""Id"":""deployments-190"",""ReleaseId"":""releases-175"",""EnvironmentId"":""Environments-34"",""ForcePackageDownload"":false,""ForcePackageRedeployment"":false,""SkipActions"":[],""SpecificMachineIds"":[],""TaskId"":""ServerTasks-578"",""ProjectId"":""projects-36"",""UseGuidedFailure"":false,""Comments"":null,""FormValues"":{},""QueueTime"":null,""Name"":""Deploy to Production"",""Created"":""2015-07-15T12:20:30.776+00:00"",""LastModifiedOn"":""2015-07-15T12:20:31.213+00:00"",""LastModifiedBy"":""merbla"",""Links"":{""Self"":""/api/deployments/deployments-190"",""Release"":""/api/releases/releases-175"",""Environment"":""/api/environments/Environments-34"",""Project"":""/api/projects/projects-36"",""Task"":""/api/tasks/ServerTasks-578"",""Web"":""/app#/deployments/deployments-190"",""Artifacts"":""/api/artifacts?regarding=deployments-190"",""Interruptions"":""/api/interruptions?regarding=deployments-190""}}","localhost.localdomain","octopus_deploy://Local Octopus Deploy","octopus_deploy"
"octopus:deployment","{""Id"":""deployments-191"",""ReleaseId"":""releases-175"",""EnvironmentId"":""Environments-33"",""ForcePackageDownload"":false,""ForcePackageRedeployment"":false,""SkipActions"":[],""SpecificMachineIds"":[],""TaskId"":""ServerTasks-579"",""ProjectId"":""projects-36"",""UseGuidedFailure"":false,""Comments"":null,""FormValues"":{},""QueueTime"":null,""Name"":""Deploy to UAT"",""Created"":""2015-07-15T12:20:31.729+00:00"",""LastModifiedOn"":""2015-07-15T12:20:32.119+00:00"",""LastModifiedBy"":""merbla"",""Links"":{""Self"":""/api/deployments/deployments-191"",""Release"":""/api/releases/releases-175"",""Environment"":""/api/environments/Environments-33"",""Project"":""/api/projects/projects-36"",""Task"":""/api/tasks/ServerTasks-579"",""Web"":""/app#/deployments/deployments-191"",""Artifacts"":""/api/artifacts?regarding=deployments-191"",""Interruptions"":""/api/interruptions?regarding=deployments-191""}}","localhost.localdomain","octopus_deploy://Local Octopus Deploy","octopus_deploy"
"octopus:deployment","{""Id"":""deployments-192"",""ReleaseId"":""releases-176"",""EnvironmentId"":""Environments-1"",""ForcePackageDownload"":false,""ForcePackageRedeployment"":false,""SkipActions"":[],""SpecificMachineIds"":[],""TaskId"":""ServerTasks-580"",""ProjectId"":""projects-33"",""UseGuidedFailure"":false,""Comments"":null,""FormValues"":{},""QueueTime"":null,""Name"":""Deploy to Development"",""Created"":""2015-07-15T12:20:43.916+00:00"",""Links"":{""Self"":""/api/deployments/deployments-192"",""Release"":""/api/releases/releases-176"",""Environment"":""/api/environments/Environments-1"",""Project"":""/api/projects/projects-33"",""Task"":""/api/tasks/ServerTasks-580"",""Web"":""/app#/deployments/deployments-192"",""Artifacts"":""/api/artifacts?regarding=deployments-192"",""Interruptions"":""/api/interruptions?regarding=deployments-192""}}","localhost.localdomain","octopus_deploy://Local Octopus Deploy","octopus_deploy"
"octopus:deployment","{""Id"":""deployments-196"",""ReleaseId"":""releases-180"",""EnvironmentId"":""Environments-1"",""ForcePackageDownload"":false,""ForcePackageRedeployment"":false,""SkipActions"":[],""SpecificMachineIds"":[],""TaskId"":""ServerTasks-588"",""ProjectId"":""projects-34"",""UseGuidedFailure"":false,""Comments"":null,""FormValues"":{},""QueueTime"":null,""Name"":""Deploy to Development"",""Created"":""2015-07-15T22:01:05.963+00:00"",""LastModifiedOn"":""2015-07-15T22:01:06.026+00:00"",""LastModifiedBy"":""merbla"",""Links"":{""Self"":""/api/deployments/deployments-196"",""Release"":""/api/releases/releases-180"",""Environment"":""/api/environments/Environments-1"",""Project"":""/api/projects/projects-34"",""Task"":""/api/tasks/ServerTasks-588"",""Web"":""/app#/deployments/deployments-196"",""Artifacts"":""/api/artifacts?regarding=deployments-196"",""Interruptions"":""/api/interruptions?regarding=deployments-196""}}","localhost.localdomain","octopus_deploy://Local Octopus Deploy","octopus_deploy"
